scenario,code,gini_total,gini_urban,gini_rural
Scenario 1: Fuel Tax,baseline,0.7343475941581756,0.7368962547822708,0.6497301184109725
Scenario 2: Static VMT,static,0.7331246319252045,0.7362442282175794,0.6371596850475445
Scenario 3: Dyn VMT (mod),dyn_mod,0.7333888036103702,0.736666220289675,0.6322335741562164
Scenario 4: Dyn VMT (raw),dyn_raw,0.7340703247768505,0.7372718914507372,0.6340712975957781
